,tourney_id,tourney_name,surface,draw_size,tourney_level,tourney_date,match_num,winner_id,winner_seed,winner_entry,winner_name,winner_hand,winner_ht,winner_ioc,winner_age,loser_id,loser_seed,loser_entry,loser_name,loser_hand,loser_ht,loser_ioc,loser_age,score,best_of,round,minutes,w_ace,w_df,w_svpt,w_1stIn,w_1stWon,w_2ndWon,w_SvGms,w_bpSaved,w_bpFaced,l_ace,l_df,l_svpt,l_1stIn,l_1stWon,l_2ndWon,l_SvGms,l_bpSaved,l_bpFaced,winner_rank,winner_rank_points,loser_rank,loser_rank_points,year,decade,total_ace
5071,1970-520,Roland Garros,Clay,128,G,19700501,127,100113,7.0,,Jan Kodes,R,175.0,CZE,24.167008898,100141,5.0,,Zeljko Franulovic,R,,CRO,22.8829568789,6-2 6-4 6-0,5,F,,,,,,,,,,,,,,,,,,,,,,,,1970,1970s,
5198,1970-540,Wimbledon,Grass,128,G,19700622,127,100087,2.0,,John Newcombe,R,183.0,AUS,26.0807665982,100016,5.0,,Ken Rosewall,R,175.0,AUS,35.6358658453,5-7 6-3 6-3 3-6 6-1,5,F,,,,,,,,,,,,,,,,,,,,,,,,1970,1970s,
5305,1970-560,US Open,Grass,128,G,19700902,107,100016,3.0,,Ken Rosewall,R,175.0,AUS,35.832991102,100100,4.0,,Tony Roche,L,178.0,AUS,25.2950034223,2-6 6-4 7-6 6-3,5,F,,,,,,,,,,,,,,,,,,,,,,,,1970,1970s,
5352,1970-580,Australian Open,Grass,64,G,19700119,47,100074,4.0,,Arthur Ashe,R,185.0,USA,26.5297741273,100090,12.0,,Dick Crealy,R,,AUS,25.3360711841,6-4 9-7 6-2,5,F,,,,,,,,,,,,,,,,,,,,,,,,1970,1970s,
8158,1971-520,Roland Garros,Clay,128,G,19710521,127,100113,1.0,,Jan Kodes,R,175.0,CZE,25.2210814511,100119,3.0,,Ilie Nastase,R,183.0,ROU,24.8377823409,8-6 6-2 2-6 7-5,5,F,,,,,,,,,,,,,,,,,,,,,,,,1971,1970s,
8285,1971-540,Wimbledon,Grass,128,G,19710621,127,100087,2.0,,John Newcombe,R,183.0,AUS,27.0773442847,100126,4.0,,Stan Smith,R,193.0,USA,24.5174537988,6-3 5-7 2-6 6-4 6-4,5,F,,,,,,,,,,,,,,,,,,,,,,,,1971,1970s,
8412,1971-560,US Open,Grass,128,G,19710901,127,100126,2.0,,Stan Smith,R,193.0,USA,24.7145790554,100113,,,Jan Kodes,R,175.0,CZE,25.5030800821,3-6 6-3 6-2 7-6,5,F,,,,,,,,,,,,,,,,,,,,,,,,1971,1970s,
8459,1971-580,Australian Open,Grass,64,G,19710307,47,100016,2.0,,Ken Rosewall,R,175.0,AUS,36.3422313484,100074,3.0,,Arthur Ashe,R,185.0,USA,27.6577686516,6-1 7-5 6-3,5,F,,,,,,,,,,,,,,,,,,,,,,,,1971,1970s,
11436,1972-520,Roland Garros,Clay,64,G,19720522,63,100026,6.0,,Andres Gimeno,R,185.0,ESP,34.8008213552,100185,9.0,,Patrick Proisy,R,180.0,FRA,22.6967830253,4-6 6-3 6-1 6-1,5,F,,,,,,,,,,,,,,,,,,,,,,,,1972,1970s,
11579,1972-540,Wimbledon,Grass,128,G,19720626,127,100126,1.0,,Stan Smith,R,193.0,USA,25.5331964408,100119,2.0,,Ilie Nastase,R,183.0,ROU,25.9383983573,4-6 6-3 6-3 4-6 7-5,5,F,,,,,,,,,,,,,,,,,,,,,,,,1972,1970s,
11706,1972-560,US Open,Grass,128,G,19720830,127,100119,4.0,,Ilie Nastase,R,183.0,ROU,26.1163586585,100074,6.0,,Arthur Ashe,R,185.0,USA,29.1416837782,3-6 6-3 6-7 6-4 6-3,5,F,,,,,,,,,,,,,,,,,,,,,,,,1972,1970s,
11755,1972-580,Australian Open,Grass,64,G,19711226,300,100016,2.0,,Ken Rosewall,R,175.0,AUS,37.1471594798,100017,8.0,,Mal Anderson,R,,AUS,36.8158795346,7-6 6-3 7-5,5,F,,,,,,,,,,,,,,,,,,,,,,,,1972,1970s,
15529,1973-520,Roland Garros,Clay,128,G,19730521,127,100119,2.0,,Ilie Nastase,R,183.0,ROU,26.8391512663,100037,,,Nikola Pilic,L,,CRO,33.7330595483,6-3 6-3 6-0,5,F,,,,,,,,,,,,,,,,,,,,,,,,1973,1970s,
15656,1973-540,Wimbledon,Grass,128,G,19730625,127,100113,2.0,,Jan Kodes,R,175.0,CZE,27.318275154,100092,4.0,,Alex Metreveli,R,,RUS,28.643394935,6-1 9-8 6-3,5,F,,,,,,,,,,,,,,,,,,,,,,,,1973,1970s,
15783,1973-560,US Open,Grass,128,G,19730829,127,100087,10.0,,John Newcombe,R,183.0,AUS,29.2676249144,100113,6.0,,Jan Kodes,R,175.0,CZE,27.4962354552,6-4 1-6 4-6 6-2 6-3,5,F,,,,,,,,,,,,,,,,,,,,,,,,1973,1970s,
15838,1973-580,Australian Open,Grass,64,G,19721226,55,100087,2.0,,John Newcombe,R,183.0,AUS,28.5941136208,100135,12.0,,Onny Parun,R,188.0,NZL,25.7002053388,6-3 6-7 7-5 6-1,5,F,,,,,,,,,,,,,,,,,,,,,,,,1973,1970s,
19512,1974-520,Roland Garros,Clay,128,G,19740603,127,100437,3.0,,Bjorn Borg,R,180.0,SWE,17.9904175222,100174,14.0,,Manuel Orantes,L,178.0,ESP,25.3196440794,2-6 6-7 6-0 6-1 6-1,5,F,,,,,,,,,,,,,,,,,,,,8.0,0.0,12.0,0.0,1974,1970s,
19639,1974-540,Wimbledon,Grass,128,G,19740624,127,100284,3.0,,Jimmy Connors,L,178.0,USA,21.8069815195,100016,9.0,,Ken Rosewall,R,175.0,AUS,39.6413415469,6-1 6-1 6-4,5,F,,,,,,,,,,,,,,,,,,,,2.0,0.0,109.0,0.0,1974,1970s,
19766,1974-560,US Open,Grass,128,G,19740828,127,100284,1.0,,Jimmy Connors,L,178.0,USA,21.9849418207,100016,5.0,,Ken Rosewall,R,175.0,AUS,39.819301848,6-1 6-0 6-1,5,F,,,,,,,,,,,,,,,,,,,,,,,,1974,1970s,
19829,1974-580,Australian Open,Grass,64,G,19731226,63,100284,2.0,,Jimmy Connors,L,178.0,USA,21.3141683778,100203,9.0,,Phil Dent,R,183.0,AUS,23.8631074606,7-6 6-4 4-6 6-3,5,F,,,,,,,,,,,,,,,,,,,,,,,,1974,1970s,
23703,1975-520,Roland Garros,Clay,128,G,19750604,127,100437,1.0,,Bjorn Borg,R,180.0,SWE,18.9924709103,100282,4.0,,Guillermo Vilas,L,180.0,ARG,22.7953456537,6-2 6-3 6-4,5,F,,,,,,,,,,,,,,,,,,,,4.0,0.0,3.0,0.0,1975,1970s,
23830,1975-540,Wimbledon,Grass,128,G,19750623,127,100074,6.0,,Arthur Ashe,R,185.0,USA,31.9534565366,100284,1.0,,Jimmy Connors,L,178.0,USA,22.803559206,6-1 6-1 5-7 6-4,5,F,,,,,,,,,,,,,,,,,,,,8.0,0.0,1.0,0.0,1975,1970s,
23957,1975-560,US Open,Clay,128,G,19750827,127,100174,3.0,,Manuel Orantes,L,178.0,ESP,26.5516769336,100284,1.0,,Jimmy Connors,L,178.0,USA,22.9815195072,6-4 6-3 6-3,5,F,,,,,,,,,,,,,,,,,,,,,,,,1975,1970s,
23988,1975-580,Australian Open,Grass,32,G,19741221,31,100087,,,John Newcombe,R,183.0,AUS,30.5790554415,100284,,,Jimmy Connors,L,178.0,USA,22.2997946612,7-5 3-6 6-4 7-6,5,F,,,,,,,,,,,,,,,,,,,,,,,,1975,1970s,
27789,1976-520,Roland Garros,Clay,128,G,19760531,127,100214,8.0,,Adriano Panatta,R,183.0,ITA,25.8945927447,100286,7.0,,Harold Solomon,R,168.0,USA,23.7015742642,6-1 6-4 4-6 7-6,5,F,,,,,,,,,,,,,,,,,,,,6.0,,13.0,,1976,1970s,
27916,1976-540,Wimbledon,Grass,128,G,19760621,127,100437,4.0,,Bjorn Borg,R,180.0,SWE,20.0410677618,100119,3.0,,Ilie Nastase,R,183.0,ROU,29.9247091034,6-4 6-2 9-7,5,F,,,,,,,,,,,,,,,,,,,,4.0,,7.0,,1976,1970s,
28043,1976-560,US Open,Clay,128,G,19760901,127,100284,1.0,,Jimmy Connors,L,178.0,USA,23.9972621492,100437,2.0,,Bjorn Borg,R,180.0,SWE,20.2381930185,6-4 3-6 7-6 6-4,5,F,,,,,,,,,,,,,,,,,,,,1.0,,2.0,,1976,1970s,
28106,1976-580,Australian Open,Grass,64,G,19751226,63,100337,,,Mark Edmondson,R,185.0,AUS,21.5058179329,100087,2.0,,John Newcombe,R,183.0,AUS,31.5920602327,6-7 6-3 7-6 6-1,5,F,,,,,,,,,,,,,,,,,,,,212.0,0.0,20.0,0.0,1976,1970s,
31871,1977-520,Roland Garros,Clay,128,G,19770523,300,100282,3.0,,Guillermo Vilas,L,180.0,ARG,24.7638603696,100261,5.0,,Brian Gottfried,R,183.0,USA,25.3196440794,6-0 6-3 6-0,5,F,,,,,,,,,,,,,,,,,,,,3.0,,5.0,,1977,1970s,
31998,1977-540,Wimbledon,Grass,128,G,19770620,300,100437,2.0,,Bjorn Borg,R,180.0,SWE,21.0376454483,100284,1.0,,Jimmy Connors,L,178.0,USA,24.7967145791,3-6 6-2 6-1 5-7 6-4,5,F,,,,,,,,,,,,,,,,,,,,2.0,,1.0,,1977,1970s,
32125,1977-560,US Open,Clay,128,G,19770831,300,100282,4.0,,Guillermo Vilas,L,180.0,ARG,25.0376454483,100284,2.0,,Jimmy Connors,L,178.0,USA,24.9938398357,2-6 6-3 7-6 6-0,5,F,,,,,,,,,,,,,,,,,,,,4.0,,1.0,,1977,1970s,
32188,1977-580,Australian Open,Grass,64,G,19770101,63,100255,2.0,,Roscoe Tanner,L,183.0,USA,25.2156057495,100282,1.0,,Guillermo Vilas,L,180.0,ARG,24.3750855578,6-3 6-3 6-3,5,F,,,,,,,,,,,,,,,,,,,,10.0,,6.0,,1977,1970s,
32251,1977-581,Australian Open,Grass,64,G,19771219,63,100342,1.0,,Vitas Gerulaitis,R,183.0,USA,23.4004106776,100343,,,John Lloyd,R,178.0,GBR,23.3127994524,6-3 7-6 5-7 3-6 6-2,5,F,,,,,,,,,,,,,,,,,,,,5.0,,49.0,,1977,1970s,
35849,1978-520,Roland Garros,Clay,128,G,19780529,300,100437,1.0,,Bjorn Borg,R,180.0,SWE,21.9767282683,100282,2.0,,Guillermo Vilas,L,180.0,ARG,25.7796030116,6-1 6-1 6-3,5,F,,,,,,,,,,,,,,,,,,,,3.0,,2.0,,1978,1970s,
35976,1978-540,Wimbledon,Grass,128,G,19780626,300,100437,1.0,,Bjorn Borg,R,180.0,SWE,22.0533880903,100284,2.0,,Jimmy Connors,L,178.0,USA,25.8124572211,6-2 6-2 6-3,5,F,,,,,,,,,,,,,,,,,,,,3.0,0.0,1.0,0.0,1978,1970s,
36103,1978-560,US Open,Hard,128,G,19780829,300,100284,2.0,,Jimmy Connors,L,178.0,USA,25.9876796715,100437,1.0,,Bjorn Borg,R,180.0,SWE,22.2286105407,6-4 6-2 6-2,5,F,,,,,,,,,,,,,,,,,,,,,,,,1978,1970s,
36166,1978-580,Australian Open,Grass,64,G,19781226,63,100282,1.0,,Guillermo Vilas,L,180.0,ARG,26.3572895277,100293,,,John Marks,R,,AUS,26.045174538,6-4 6-4 3-6 6-3,5,F,,,,,,,,,,,,,,,,,,,,3.0,,,,1978,1970s,
39968,1979-520,Roland Garros,Clay,128,G,19790528,300,100437,1.0,,Bjorn Borg,R,180.0,SWE,22.9733059548,100395,,,Victor Pecci,R,193.0,PAR,23.6167008898,6-3 6-1 6-7 6-4,5,F,,,,,,,,,,,,,,,,,,,,2.0,,29.0,,1979,1970s,
40095,1979-540,Wimbledon,Grass,128,G,19790625,300,100437,1.0,,Bjorn Borg,R,180.0,SWE,23.0499657769,100255,5.0,,Roscoe Tanner,L,183.0,USA,27.6933607118,6-7 6-1 3-6 6-3 6-4,5,F,,,,,,,,,,,,,,,,,,,,2.0,,6.0,,1979,1970s,
40222,1979-560,US Open,Hard,128,G,19790828,300,100581,3.0,,John McEnroe,L,180.0,USA,20.5284052019,100342,4.0,,Vitas Gerulaitis,R,183.0,USA,25.0896646133,7-5 6-3 6-3,5,F,,,,,,,,,,,,,,,,,,,,3.0,,5.0,,1979,1970s,
40285,1979-580,Australian Open,Grass,64,G,19791224,63,100282,1.0,,Guillermo Vilas,L,180.0,ARG,27.3511293634,100446,6.0,,John Sadri,R,188.0,USA,23.2607802875,7-6 6-3 6-2,5,F,,,,,,,,,,,,,,,,,,,,6.0,,46.0,,1979,1970s,
44037,1980-520,Roland Garros,Clay,128,G,19800526,127,100437,1.0,,Bjorn Borg,R,180.0,SWE,23.9698836413,100342,5.0,,Vitas Gerulaitis,R,183.0,USA,25.8343600274,6-4 6-1 6-2,5,F,,,,,,,,,,,,,,,,,,,,1.0,,5.0,,1980,1980s,
44164,1980-540,Wimbledon,Grass,128,G,19800623,300,100437,1.0,,Bjorn Borg,R,180.0,SWE,24.0465434634,100581,2.0,,John McEnroe,L,180.0,USA,21.3497604381,1-6 7-5 6-3 6-7 8-6,5,F,,,,,,,,,,,,,,,,,,,,1.0,,2.0,,1980,1980s,
44292,1980-560,US Open,Hard,128,G,19800826,300,100581,2.0,,John McEnroe,L,180.0,USA,21.5249828884,100437,1.0,,Bjorn Borg,R,180.0,SWE,24.2217659138,7-6 6-1 6-7 5-7 6-4,5,F,,,,,,,,,,,,,,,,,,,,2.0,,1.0,,1980,1980s,
44355,1980-580,Australian Open,Grass,64,G,19801226,63,100360,8.0,,Brian Teacher,R,190.0,USA,26.0095824778,100273,14.0,,Kim Warwick,R,183.0,AUS,28.7173169062,7-5 7-6 6-2,5,F,,,,,,,,,,,,,,,,,,,,17.0,,36.0,,1980,1980s,
48175,1981-520,Roland Garros,Clay,128,G,19810525,127,100437,1.0,,Bjorn Borg,R,180.0,SWE,24.9664613279,100656,5.0,,Ivan Lendl,R,188.0,USA,21.2156057495,6-1 4-6 6-2 3-6 6-1,5,F,,,,,,,,,,,,,,,,,,,,1.0,,5.0,,1981,1980s,
48302,1981-540,Wimbledon,Grass,128,G,19810622,300,100581,2.0,,John McEnroe,L,180.0,USA,22.3463381246,100437,1.0,,Bjorn Borg,R,180.0,SWE,25.0431211499,4-6 7-6 7-6 6-4,5,F,,,,,,,,,,,,,,,,,,,,2.0,,1.0,,1981,1980s,
48429,1981-560,US Open,Hard,128,G,19810901,300,100581,1.0,,John McEnroe,L,180.0,USA,22.5407255305,100437,2.0,,Bjorn Borg,R,180.0,SWE,25.2375085558,4-6 6-2 6-4 6-3,5,F,,,,,,,,,,,,,,,,,,,,1.0,,2.0,,1981,1980s,
48492,1981-580,Australian Open,Grass,64,G,19811224,63,100532,4.0,,Johan Kriek,R,175.0,USA,23.7207392197,100445,,,Steve Denton,R,188.0,USA,25.3004791239,6-2 7-6 6-7 6-4,5,F,,,,,,,,,,,,,,,,,,,,19.0,,54.0,,1981,1980s,
51821,1982-520,Roland Garros,Clay,128,G,19820524,127,101062,,,Mats Wilander,R,183.0,SWE,17.7522245038,100282,3.0,,Guillermo Vilas,L,180.0,ARG,29.7659137577,1-6 7-6 6-0 6-4,5,F,,,,,,,,,,,,,,,,,,,,18.0,,4.0,,1982,1980s,
51948,1982-540,Wimbledon,Grass,128,G,19820621,300,100284,2.0,,Jimmy Connors,L,178.0,USA,29.7987679671,100581,1.0,,John McEnroe,L,180.0,USA,23.3429158111,3-6 6-3 6-7 7-6 6-4,5,F,,,,,,,,,,,,,,,,,,,,3.0,,1.0,,1982,1980s,
52075,1982-560,US Open,Hard,128,G,19820831,300,100284,2.0,,Jimmy Connors,L,178.0,USA,29.993155373,100656,3.0,,Ivan Lendl,R,188.0,USA,22.4832306639,6-3 6-2 4-6 6-4,5,F,,,,,,,,,,,,,,,,,,,,2.0,,3.0,,1982,1980s,
52170,1982-580,Australian Open,Grass,96,G,19821202,95,100532,1.0,,Johan Kriek,R,175.0,USA,24.6598220397,100445,2.0,,Steve Denton,R,188.0,USA,26.2395619439,6-3 6-3 6-2,5,F,,,,,,,,,,,,,,,,,,,,12.0,,13.0,,1982,1980s,
55514,1983-520,Roland Garros,Clay,128,G,19830523,127,100676,6.0,,Yannick Noah,R,193.0,FRA,23.0116358658,101062,5.0,,Mats Wilander,R,183.0,SWE,18.7488021903,6-2 7-5 7-6,5,F,,,,,,,,,,,,,,,,,,,,6.0,,5.0,,1983,1980s,
55641,1983-540,Wimbledon,Grass,128,G,19830620,300,100581,2.0,,John McEnroe,L,180.0,USA,24.3394934976,100474,,,Chris Lewis,R,180.0,NZL,26.2806297057,6-2 6-2 6-2,5,F,,,,,,,,,,,,,,,,,,,,2.0,,,,1983,1980s,
55768,1983-560,US Open,Hard,128,G,19830830,300,100284,3.0,,Jimmy Connors,L,178.0,USA,30.9678302533,100656,2.0,,Ivan Lendl,R,188.0,USA,23.4579055441,6-3 6-7 7-5 6-0,5,F,,,,,,,,,,,,,,,,,,,,3.0,,2.0,,1983,1980s,
55863,1983-580,Australian Open,Grass,96,G,19831129,300,101062,3.0,,Mats Wilander,R,183.0,SWE,19.266255989,100656,1.0,,Ivan Lendl,R,188.0,USA,23.7262149213,6-1 6-4 6-4,5,F,,,,,,,,,,,,,,,,,,,,5.0,,1.0,,1983,1980s,
58919,1984-520,Roland Garros,Clay,128,G,19840528,127,100656,2.0,,Ivan Lendl,R,188.0,USA,24.205338809,100581,1.0,,John McEnroe,L,180.0,USA,25.2594113621,3-6 2-6 6-4 7-5 7-5,5,F,,,,,,,,,,,,,,,,,,,,2.0,,1.0,,1984,1980s,
59046,1984-540,Wimbledon,Grass,128,G,19840625,300,100581,1.0,,John McEnroe,L,180.0,USA,25.3552361396,100284,3.0,,Jimmy Connors,L,178.0,USA,31.8110882957,6-1 6-1 6-2,5,F,,,,,,,,,,,,,,,,,,,,1.0,,3.0,,1984,1980s,
59173,1984-560,US Open,Hard,128,G,19840828,300,100581,1.0,,John McEnroe,L,180.0,USA,25.5277207392,100656,2.0,,Ivan Lendl,R,188.0,USA,24.4736481862,6-3 6-4 6-1,5,F,,,,,,,,,,,,,,,,,,,,1.0,,2.0,,1984,1980s,
59268,1984-580,Australian Open,Grass,96,G,19841126,300,101062,2.0,,Mats Wilander,R,183.0,SWE,20.2628336756,100529,9.0,,Kevin Curren,R,185.0,USA,26.7378507871,6-7 6-4 7-6 6-2,5,F,,,,,,,,,,,,,,,,,,,,4.0,,21.0,,1984,1980s,
62431,1985-520,Roland Garros,Clay,128,G,19850527,127,101062,4.0,,Mats Wilander,R,183.0,SWE,20.7611225188,100656,2.0,,Ivan Lendl,R,188.0,USA,25.2210814511,3-6 6-4 6-2 6-2,5,F,,,,,,,,,,,,,,,,,,,,4.0,,2.0,,1985,1980s,
62558,1985-540,Wimbledon,Grass,128,G,19850624,300,101414,,,Boris Becker,R,190.0,GER,17.5879534565,100529,8.0,,Kevin Curren,R,185.0,USA,27.3127994524,6-3 6-7 7-6 6-4,5,F,,,,,,,,,,,,,,,,,,,,20.0,,9.0,,1985,1980s,
62685,1985-560,US Open,Hard,128,G,19850827,300,100656,2.0,,Ivan Lendl,R,188.0,USA,25.4702258727,100581,1.0,,John McEnroe,L,180.0,USA,26.5242984257,7-6 6-3 6-4,5,F,,,,,,,,,,,,,,,,,,,,2.0,,1.0,,1985,1980s,
62780,1985-580,Australian Open,Grass,96,G,19851125,95,101222,5.0,,Stefan Edberg,R,188.0,SWE,19.8494182067,101062,3.0,,Mats Wilander,R,183.0,SWE,21.2594113621,6-4 6-3 6-3,5,F,,,,,,,,,,,,,,,,,,,,6.0,,3.0,,1985,1980s,
65746,1986-520,Roland Garros,Clay,128,G,19860526,127,100656,1.0,,Ivan Lendl,R,188.0,USA,26.2176591376,100944,,,Mikael Pernfors,R,173.0,SWE,22.8610540726,6-3 6-2 6-4,5,F,,,,,,,,,,,,,,,,,,,,1.0,,27.0,,1986,1980s,
65873,1986-540,Wimbledon,Grass,128,G,19860623,127,101414,4.0,,Boris Becker,R,190.0,GER,18.5845311431,100656,1.0,,Ivan Lendl,R,188.0,USA,26.2943189596,6-4 6-3 7-5,5,F,,,,,,,,,,,,,,,,,,,,6.0,,1.0,,1986,1980s,
66000,1986-560,US Open,Hard,128,G,19860826,300,100656,1.0,,Ivan Lendl,R,188.0,USA,26.4668035592,101036,16.0,,Miloslav Mecir,R,190.0,SVK,22.2669404517,6-4 6-2 6-0,5,F,,,,,,,,,,,,,,,,,,,,1.0,,15.0,,1986,1980s,
69281,1987-520,Roland Garros,Clay,128,G,19870525,127,100656,1.0,,Ivan Lendl,R,188.0,USA,27.2142368241,101062,4.0,,Mats Wilander,R,183.0,SWE,22.7542778919,7-5 6-2 3-6 7-6,5,F,,,,,,,,,,,,,,,,,,,,1.0,,4.0,,1987,1980s,
69408,1987-540,Wimbledon,Grass,128,G,19870622,127,101138,11.0,,Pat Cash,R,183.0,AUS,22.0698151951,100656,2.0,,Ivan Lendl,R,188.0,USA,27.2908966461,7-6 6-2 7-5,5,F,,,,,,,,,,,,,,,,,,,,11.0,,1.0,,1987,1980s,
69535,1987-560,US Open,Hard,128,G,19870901,127,100656,1.0,,Ivan Lendl,R,188.0,USA,27.4825462012,101062,3.0,,Mats Wilander,R,183.0,SWE,23.022587269,6-7 6-0 7-6 6-4,5,F,,,,,,,,,,,,,,,,,,,,1.0,,3.0,,1987,1980s,
69630,1987-580,Australian Open,Grass,96,G,19870112,95,101222,4.0,,Stefan Edberg,R,188.0,SWE,20.9801505818,101138,11.0,,Pat Cash,R,183.0,AUS,21.6290212183,6-3 6-4 3-6 5-7 6-3,5,F,,,,,,,,,,,,,,,,,,,,5.0,,24.0,,1987,1980s,
72907,1988-520,Roland Garros,Clay,128,G,19880523,127,101062,3.0,,Mats Wilander,R,183.0,SWE,23.7508555784,100936,11.0,,Henri Leconte,L,185.0,FRA,24.887063655,7-5 6-2 6-1,5,F,,,,,,,,,,,,,,,,,,,,3.0,,14.0,,1988,1980s,
73034,1988-540,Wimbledon,Grass,128,G,19880620,127,101222,3.0,,Stefan Edberg,R,188.0,SWE,22.417522245,101414,6.0,,Boris Becker,R,190.0,GER,20.5776865161,4-6 7-6 6-4 6-2,5,F,,,,,,,,,,,,,,,,,,,,3.0,,8.0,,1988,1980s,
73161,1988-560,US Open,Hard,128,G,19880829,127,101062,2.0,,Mats Wilander,R,183.0,SWE,24.0191649555,100656,1.0,,Ivan Lendl,R,188.0,USA,28.4791238877,6-4 4-6 6-3 5-7 6-4,5,F,,,,,,,,,,,,,,,,,,,,2.0,,1.0,,1988,1980s,
73288,1988-580,Australian Open,Hard,128,G,19880111,127,101062,3.0,,Mats Wilander,R,183.0,SWE,23.3867214237,101138,4.0,,Pat Cash,R,183.0,AUS,22.6255989049,6-3 6-7 3-6 6-1 8-6,5,F,,,,,,,,,,,,,,,,,,,,3.0,,7.0,,1988,1980s,
76545,1989-520,Roland Garros,Clay,128,G,19890529,127,102021,15.0,,Michael Chang,R,175.0,USA,17.2648870637,101222,3.0,,Stefan Edberg,R,188.0,SWE,23.356605065,6-1 3-6 4-6 6-4 6-2,5,F,,,,,,,,,,,,,,,,,,,,19.0,,3.0,,1989,1980s,
76672,1989-540,Wimbledon,Grass,128,G,19890626,127,101414,3.0,,Boris Becker,R,190.0,GER,21.5934291581,101222,2.0,,Stefan Edberg,R,188.0,SWE,23.4332648871,6-0 7-6 6-4,5,F,,,,,,,,,,,,,,,,,,,,2.0,,3.0,,1989,1980s,
76799,1989-560,US Open,Hard,128,G,19890828,127,101414,2.0,,Boris Becker,R,190.0,GER,21.7659137577,100656,1.0,,Ivan Lendl,R,188.0,USA,29.4757015743,7-6 1-6 6-3 7-6,5,F,,,,,,,,,,,,,,,,,,,,2.0,,1.0,,1989,1980s,
76926,1989-580,Australian Open,Hard,128,G,19890116,127,100656,2.0,,Ivan Lendl,R,188.0,USA,28.8624229979,101036,9.0,,Miloslav Mecir,R,190.0,SVK,24.6625598905,6-2 6-2 6-2,5,F,,,,,,,,,,,,,,,,,,,,2.0,,13.0,,1989,1980s,
77514,1990-580,Australian Open,Hard,128,G,19900115,127,100656,1.0,,Ivan Lendl,R,188.0,USA,29.8590006845,101222,3.0,,Stefan Edberg,R,188.0,SWE,23.9890485969,4-6 7-6 5-2 RET,5,F,,,,,,,,,,,,,,,,,,,,1.0,2913.0,3.0,2111.0,1990,1990s,
79065,1990-520,Roland Garros,Clay,128,G,19900528,127,100653,4.0,,Andres Gomez,L,193.0,ECU,30.2477754962,101736,3.0,,Andre Agassi,R,180.0,USA,20.0793976728,6-3 2-6 6-4 6-4,5,F,,,,,,,,,,,,,,,,,,,,7.0,1529.0,5.0,1557.0,1990,1990s,
79403,1990-540,Wimbledon,Grass,128,G,19900625,127,101222,3.0,,Stefan Edberg,R,188.0,SWE,24.4298425736,101414,2.0,,Boris Becker,R,190.0,GER,22.5900068446,6-2 6-2 3-6 3-6 6-4,5,F,,,,,,,,,,,,,,,,,,,,3.0,2606.0,2.0,2752.0,1990,1990s,
80221,1990-560,US Open,Hard,128,G,19900827,127,101948,12.0,,Pete Sampras,R,185.0,USA,19.0417522245,101736,4.0,,Andre Agassi,R,180.0,USA,20.3285420945,6-4 6-3 6-2,5,F,,,,,,,,,,,,,,,,,,,,12.0,1231.0,4.0,2103.0,1990,1990s,
81195,1991-580,Australian Open,Hard,128,G,19910114,127,101414,2.0,,Boris Becker,R,190.0,GER,23.1457905544,100656,3.0,,Ivan Lendl,R,188.0,USA,30.855578371,1-6 6-4 6-4 6-4,5,F,170.0,9.0,4.0,121.0,86.0,60.0,16.0,18.0,9.0,12.0,9.0,3.0,115.0,72.0,49.0,25.0,19.0,4.0,8.0,2.0,3528.0,3.0,2541.0,1991,1990s,18.0
82710,1991-520,Roland Garros,Clay,128,G,19910527,127,101793,9.0,,Jim Courier,R,185.0,USA,20.7748117728,101736,4.0,,Andre Agassi,R,180.0,USA,21.0759753593,3-6 6-4 2-6 6-1 6-4,5,F,205.0,9.0,2.0,145.0,88.0,57.0,33.0,22.0,14.0,19.0,1.0,2.0,133.0,80.0,52.0,26.0,22.0,7.0,13.0,9.0,1478.0,4.0,1872.0,1991,1990s,10.0
83052,1991-540,Wimbledon,Grass,128,G,19910624,127,101529,6.0,,Michael Stich,R,193.0,GER,22.6803559206,101414,2.0,,Boris Becker,R,190.0,GER,23.5865845311,6-4 7-6(4) 6-4,5,F,153.0,15.0,3.0,100.0,46.0,35.0,32.0,16.0,1.0,3.0,10.0,4.0,114.0,67.0,44.0,26.0,16.0,12.0,16.0,7.0,1621.0,2.0,3572.0,1991,1990s,25.0
83855,1991-560,US Open,Hard,128,G,19910826,127,101222,2.0,,Stefan Edberg,R,188.0,SWE,25.5989048597,101793,4.0,,Jim Courier,R,185.0,USA,21.0239561944,6-2 6-4 6-0,5,F,124.0,2.0,1.0,66.0,40.0,33.0,18.0,12.0,3.0,3.0,3.0,4.0,89.0,58.0,32.0,12.0,12.0,8.0,14.0,2.0,3310.0,5.0,2463.0,1991,1990s,5.0
84922,1992-580,Australian Open,Hard,128,G,19920113,127,101793,2.0,,Jim Courier,R,185.0,USA,21.4072553046,101222,1.0,,Stefan Edberg,R,188.0,SWE,25.9822039699,6-3 3-6 6-4 6-2,5,F,174.0,2.0,2.0,122.0,86.0,55.0,25.0,18.0,10.0,12.0,2.0,6.0,125.0,86.0,56.0,16.0,18.0,9.0,14.0,2.0,3199.0,1.0,3515.0,1992,1990s,4.0
86467,1992-520,Roland Garros,Clay,128,G,19920525,127,101793,1.0,,Jim Courier,R,185.0,USA,21.7713894593,101434,7.0,,Petr Korda,L,190.0,CZE,24.3367556468,7-5 6-2 6-1,5,F,119.0,7.0,3.0,91.0,68.0,52.0,9.0,14.0,4.0,6.0,5.0,10.0,106.0,69.0,39.0,10.0,13.0,7.0,14.0,1.0,3898.0,8.0,1825.0,1992,1990s,12.0
86773,1992-540,Wimbledon,Grass,128,G,19920622,127,101736,12.0,,Andre Agassi,R,180.0,USA,22.1492128679,101964,8.0,,Goran Ivanisevic,L,193.0,CRO,20.7748117728,6-7(8) 6-4 6-4 1-6 6-4,5,F,170.0,9.0,1.0,166.0,115.0,89.0,31.0,24.0,3.0,5.0,37.0,7.0,208.0,139.0,120.0,29.0,25.0,13.0,16.0,14.0,1345.0,8.0,1837.0,1992,1990s,46.0
87673,1992-560,US Open,Hard,128,G,19920831,127,101222,2.0,,Stefan Edberg,R,188.0,SWE,26.6146475017,101948,3.0,,Pete Sampras,R,185.0,USA,21.054072553,3-6 6-4 7-6(5) 6-2,5,F,175.0,8.0,5.0,134.0,82.0,67.0,23.0,19.0,8.0,10.0,10.0,11.0,156.0,85.0,64.0,30.0,20.0,8.0,12.0,2.0,3503.0,3.0,3116.0,1992,1990s,18.0
88776,1993-580,Australian Open,Hard,128,G,19930118,127,101793,1.0,,Jim Courier,R,185.0,USA,22.4229979466,101222,2.0,,Stefan Edberg,R,188.0,SWE,26.9979466119,6-2 6-1 2-6 7-5,5,F,,,,,,,,,,,,,,,,,,,,1.0,3599.0,2.0,3244.0,1993,1990s,
90379,1993-520,Roland Garros,Clay,128,G,19930524,127,101843,10.0,,Sergi Bruguera,R,188.0,ESP,22.3518138261,101793,2.0,,Jim Courier,R,185.0,USA,22.7679671458,6-4 2-6 6-2 3-6 6-3,5,F,,3.0,0.0,136.0,99.0,67.0,22.0,22.0,8.0,12.0,5.0,0.0,169.0,113.0,77.0,26.0,22.0,16.0,21.0,11.0,1908.0,2.0,3565.0,1993,1990s,8.0
90716,1993-540,Wimbledon,Grass,128,G,19930621,127,101948,1.0,,Pete Sampras,R,185.0,USA,21.8590006845,101793,3.0,,Jim Courier,R,185.0,USA,22.8446269678,7-6(3) 7-6(6) 3-6 6-3,5,F,,22.0,7.0,149.0,97.0,84.0,30.0,21.0,0.0,2.0,8.0,6.0,149.0,83.0,65.0,35.0,21.0,3.0,5.0,1.0,3880.0,2.0,3385.0,1993,1990s,30.0
91569,1993-560,US Open,Hard,128,G,19930830,127,101948,2.0,,Pete Sampras,R,185.0,USA,22.0506502396,101611,15.0,,Cedric Pioline,R,188.0,FRA,24.2080766598,6-4 6-4 6-3,5,F,,11.0,4.0,85.0,46.0,41.0,21.0,14.0,1.0,3.0,7.0,8.0,117.0,67.0,44.0,19.0,15.0,5.0,11.0,2.0,3766.0,14.0,1443.0,1993,1990s,18.0
92666,1994-580,Australian Open,Hard,128,G,19940117,127,101948,1.0,,Pete Sampras,R,185.0,USA,22.4339493498,101774,9.0,,Todd Martin,R,198.0,USA,23.5290896646,7-6(4) 6-4 6-4,5,F,,13.0,7.0,131.0,76.0,61.0,27.0,16.0,11.0,13.0,6.0,4.0,120.0,62.0,40.0,31.0,16.0,4.0,8.0,1.0,4154.0,12.0,1751.0,1994,1990s,19.0
94273,1994-520,Roland Garros,Clay,128,G,19940523,127,101843,6.0,,Sergi Bruguera,R,188.0,ESP,23.3483915127,102238,,,Alberto Berasategui,R,173.0,ESP,20.900752909,6-3 7-5 2-6 6-1,5,F,,2.0,1.0,115.0,77.0,55.0,21.0,18.0,6.0,9.0,0.0,1.0,118.0,98.0,61.0,5.0,18.0,4.0,10.0,6.0,2579.0,23.0,1253.0,1994,1990s,2.0
94610,1994-540,Wimbledon,Grass,128,G,19940620,127,101948,1.0,,Pete Sampras,R,185.0,USA,22.855578371,101964,4.0,,Goran Ivanisevic,L,193.0,CRO,22.7679671458,7-6(2) 7-6(5) 6-0,5,F,,17.0,5.0,123.0,66.0,60.0,33.0,15.0,2.0,2.0,25.0,6.0,136.0,89.0,69.0,19.0,15.0,8.0,11.0,1.0,5272.0,5.0,2684.0,1994,1990s,42.0
95480,1994-560,US Open,Hard,128,G,19940829,127,101736,,,Andre Agassi,R,180.0,USA,24.334017796,101529,4.0,,Michael Stich,R,193.0,GER,25.8617385352,6-1 7-6(5) 7-5,5,F,,3.0,2.0,94.0,63.0,54.0,18.0,15.0,2.0,2.0,11.0,10.0,130.0,61.0,47.0,31.0,16.0,7.0,11.0,20.0,1326.0,4.0,2853.0,1994,1990s,14.0
96573,1995-580,Australian Open,Hard,128,G,19950116,127,101736,2.0,,Andre Agassi,R,180.0,USA,24.7173169062,101948,1.0,,Pete Sampras,R,185.0,USA,23.4305270363,4-6 6-1 7-6(6) 6-4,5,F,,10.0,4.0,132.0,95.0,70.0,20.0,19.0,2.0,4.0,28.0,6.0,173.0,104.0,82.0,30.0,20.0,16.0,21.0,2.0,3249.0,1.0,4945.0,1995,1990s,38.0
98142,1995-520,Roland Garros,Clay,128,G,19950529,127,101404,5.0,,Thomas Muster,L,180.0,AUT,27.6550308008,102021,6.0,,Michael Chang,R,175.0,USA,23.2635181383,7-5 6-2 6-4,5,F,,3.0,3.0,95.0,56.0,39.0,23.0,15.0,4.0,6.0,3.0,2.0,94.0,59.0,37.0,16.0,15.0,4.0,10.0,5.0,2675.0,6.0,2669.0,1995,1990s,6.0
98479,1995-540,Wimbledon,Grass,128,G,19950626,127,101948,2.0,,Pete Sampras,R,185.0,USA,23.871321013,101414,3.0,,Boris Becker,R,190.0,GER,27.5920602327,6-7(5) 6-2 6-4 6-2,5,F,149.0,23.0,7.0,136.0,79.0,71.0,34.0,19.0,0.0,0.0,17.0,16.0,173.0,87.0,73.0,28.0,19.0,11.0,16.0,2.0,3873.0,4.0,3387.0,1995,1990s,40.0
99286,1995-560,US Open,Hard,128,G,19950828,127,101948,2.0,,Pete Sampras,R,185.0,USA,24.0438056126,101736,1.0,,Andre Agassi,R,180.0,USA,25.3305954825,6-4 6-3 4-6 7-5,5,F,,24.0,6.0,151.0,89.0,80.0,30.0,21.0,4.0,6.0,8.0,4.0,125.0,72.0,52.0,32.0,20.0,3.0,7.0,2.0,4299.0,1.0,5652.0,1995,1990s,32.0
100373,1996-580,Australian Open,Hard,128,G,19960115,127,101414,4.0,,Boris Becker,R,190.0,GER,28.1478439425,102021,5.0,,Michael Chang,R,175.0,USA,23.8959616701,6-2 6-4 2-6 6-2,5,F,,11.0,6.0,123.0,64.0,54.0,27.0,17.0,7.0,9.0,11.0,6.0,132.0,65.0,51.0,29.0,17.0,18.0,23.0,4.0,3325.0,5.0,3211.0,1996,1990s,22.0
101995,1996-520,Roland Garros,Clay,128,G,19960527,127,102338,6.0,,Yevgeny Kafelnikov,R,190.0,RUS,22.2696783025,101529,15.0,,Michael Stich,R,193.0,GER,27.6057494867,7-6(4) 7-5 7-6(4),5,F,152.0,10.0,8.0,148.0,79.0,64.0,30.0,18.0,6.0,9.0,15.0,6.0,152.0,85.0,63.0,31.0,18.0,9.0,13.0,7.0,2566.0,16.0,1380.0,1996,1990s,25.0
102332,1996-540,Wimbledon,Grass,128,G,19960624,127,101990,17.0,,Richard Krajicek,R,196.0,NED,24.5503080082,101613,,,Malivai Washington,R,180.0,USA,27.0116358658,6-3 6-4 6-3,5,F,94.0,13.0,3.0,87.0,68.0,59.0,8.0,14.0,1.0,2.0,5.0,2.0,95.0,69.0,43.0,11.0,14.0,6.0,11.0,13.0,1642.0,20.0,1333.0,1996,1990s,18.0
103166,1996-560,US Open,Hard,128,G,19960826,127,101948,1.0,,Pete Sampras,R,185.0,USA,25.0403832991,102021,2.0,,Michael Chang,R,175.0,USA,24.5092402464,6-1 6-4 7-6(3),5,F,,,,,,,,,,,,,,,,,,,,1.0,4318.0,3.0,3522.0,1996,1990s,
104113,1997-580,Australian Open,Hard,128,G,19970113,127,101948,1.0,,Pete Sampras,R,185.0,USA,25.4236824093,102845,,,Carlos Moya,R,190.0,ESP,20.3805612594,6-2 6-3 6-3,5,F,86.0,12.0,2.0,83.0,62.0,53.0,10.0,13.0,1.0,2.0,2.0,3.0,84.0,57.0,35.0,8.0,13.0,0.0,6.0,1.0,4865.0,25.0,1401.0,1997,1990s,14.0
105634,1997-520,Roland Garros,Clay,128,G,19970526,127,102856,,,Gustavo Kuerten,R,190.0,BRA,20.7063655031,101843,16.0,,Sergi Bruguera,R,188.0,ESP,26.3572895277,6-3 6-4 6-2,5,F,110.0,4.0,0.0,87.0,48.0,39.0,23.0,13.0,8.0,9.0,1.0,1.0,114.0,76.0,45.0,15.0,14.0,12.0,18.0,66.0,727.0,19.0,1511.0,1997,1990s,5.0
105940,1997-540,Wimbledon,Grass,128,G,19970623,127,101948,1.0,,Pete Sampras,R,185.0,USA,25.864476386,101611,,,Cedric Pioline,R,188.0,FRA,28.0219028063,6-4 6-2 6-4,5,F,94.0,17.0,2.0,95.0,61.0,55.0,22.0,14.0,1.0,1.0,13.0,1.0,92.0,60.0,46.0,16.0,14.0,4.0,8.0,1.0,4743.0,44.0,949.0,1997,1990s,30.0
106762,1997-560,US Open,Hard,128,G,19970825,127,102158,13.0,,Patrick Rafter,R,185.0,AUS,24.6570841889,102257,,,Greg Rusedski,L,193.0,GBR,23.9671457906,6-3 6-2 4-6 7-5,5,F,145.0,7.0,6.0,123.0,76.0,64.0,19.0,20.0,6.0,9.0,9.0,4.0,136.0,85.0,58.0,23.0,19.0,11.0,17.0,14.0,1898.0,20.0,1601.0,1997,1990s,16.0
107736,1998-580,Australian Open,Hard,128,G,19980119,127,101434,6.0,,Petr Korda,L,190.0,CZE,29.9904175222,102701,9.0,,Marcelo Rios,L,175.0,CHI,22.0670773443,6-2 6-2 6-2,5,F,85.0,4.0,4.0,85.0,47.0,38.0,18.0,12.0,5.0,6.0,2.0,4.0,77.0,43.0,27.0,8.0,12.0,5.0,12.0,7.0,2495.0,8.0,2446.0,1998,1990s,6.0
109177,1998-520,Roland Garros,Clay,128,G,19980525,127,102845,12.0,,Carlos Moya,R,190.0,ESP,21.7412731006,102374,14.0,,Alex Corretja,R,180.0,ESP,24.1204654346,6-3 7-5 6-3,5,F,133.0,4.0,0.0,93.0,57.0,42.0,21.0,15.0,4.0,6.0,2.0,3.0,111.0,58.0,38.0,22.0,15.0,12.0,18.0,12.0,2042.0,14.0,1989.0,1998,1990s,6.0
109483,1998-540,Wimbledon,Grass,128,G,19980622,127,101948,1.0,,Pete Sampras,R,185.0,USA,26.8610540726,101964,14.0,,Goran Ivanisevic,L,193.0,CRO,26.7734428474,6-7(2) 7-6(9) 6-4 3-6 6-2,5,F,172.0,11.0,8.0,174.0,96.0,79.0,44.0,25.0,7.0,9.0,32.0,20.0,230.0,132.0,115.0,34.0,26.0,10.0,14.0,1.0,3779.0,25.0,1284.0,1998,1990s,43.0
110354,1998-560,US Open,Hard,128,G,19980831,127,102158,3.0,,Patrick Rafter,R,185.0,AUS,25.6728268309,102882,,,Mark Philippoussis,R,196.0,AUS,21.8124572211,6-3 3-6 6-2 6-0,5,F,,7.0,1.0,94.0,68.0,56.0,15.0,16.0,2.0,3.0,5.0,13.0,135.0,70.0,45.0,23.0,16.0,14.0,20.0,3.0,3577.0,22.0,1468.0,1998,1990s,12.0
111327,1999-580,Australian Open,Hard,128,G,19990118,127,102338,10.0,,Yevgeny Kafelnikov,R,190.0,RUS,24.9144421629,102358,,,Thomas Enqvist,R,190.0,SWE,24.8514715948,4-6 6-0 6-3 7-6(1),5,F,147.0,17.0,6.0,157.0,121.0,92.0,11.0,19.0,3.0,5.0,17.0,5.0,131.0,102.0,75.0,7.0,18.0,5.0,10.0,10.0,2515.0,21.0,1608.0,1999,1990s,34.0
112697,1999-520,Roland Garros,Clay,128,G,19990524,127,101736,13.0,,Andre Agassi,R,180.0,USA,29.067761807,102446,,,Andrei Medvedev,R,193.0,UKR,24.7282683094,1-6 2-6 6-4 6-3 6-4,5,F,172.0,2.0,6.0,138.0,86.0,60.0,24.0,22.0,14.0,19.0,23.0,8.0,159.0,100.0,74.0,24.0,22.0,11.0,15.0,14.0,2101.0,100.0,474.0,1999,1990s,25.0
113003,1999-540,Wimbledon,Grass,128,G,19990621,127,101948,1.0,,Pete Sampras,R,185.0,USA,27.8576317591,101736,4.0,,Andre Agassi,R,180.0,USA,29.144421629,6-3 6-4 7-5,5,F,115.0,16.0,5.0,114.0,76.0,68.0,15.0,16.0,4.0,4.0,5.0,6.0,109.0,49.0,37.0,27.0,15.0,6.0,9.0,1.0,3548.0,4.0,2993.0,1999,1990s,21.0
113794,1999-560,US Open,Hard,128,G,19990830,127,101736,2.0,,Andre Agassi,R,180.0,USA,29.3360711841,101774,7.0,,Todd Martin,R,198.0,USA,29.144421629,6-4 6-7(5) 6-7(2) 6-3 6-2,5,F,203.0,6.0,4.0,160.0,102.0,76.0,38.0,25.0,8.0,8.0,23.0,8.0,152.0,90.0,64.0,37.0,26.0,5.0,10.0,2.0,3650.0,7.0,2327.0,1999,1990s,29.0
116667,2000-520,Roland Garros,Clay,128,G,20000529,127,102856,5.0,,Gustavo Kuerten,R,190.0,BRA,23.7152635181,102796,3.0,,Magnus Norman,R,188.0,SWE,23.9972621492,6-2 6-3 2-6 7-6(6),5,F,224.0,9.0,3.0,144.0,71.0,52.0,30.0,19.0,11.0,16.0,9.0,8.0,172.0,95.0,58.0,37.0,18.0,25.0,32.0,5.0,2382.0,3.0,2868.0,2000,2000s,18.0
116794,2000-540,Wimbledon,Grass,128,G,20000626,127,101948,1.0,,Pete Sampras,R,185.0,USA,28.8733744011,102158,12.0,,Patrick Rafter,R,185.0,AUS,27.4934976044,6-7(10) 7-6(5) 6-4 6-2,5,F,178.0,24.0,12.0,132.0,84.0,74.0,27.0,21.0,2.0,2.0,10.0,7.0,167.0,97.0,73.0,34.0,21.0,11.0,14.0,3.0,3261.0,21.0,1165.0,2000,2000s,34.0
116921,2000-560,US Open,Hard,128,G,20000828,127,103498,6.0,,Marat Safin,R,193.0,RUS,20.5859000684,101948,4.0,,Pete Sampras,R,185.0,USA,29.0458590007,6-4 6-3 6-3,5,F,98.0,12.0,2.0,82.0,40.0,34.0,26.0,14.0,2.0,2.0,8.0,4.0,79.0,50.0,38.0,12.0,14.0,5.0,9.0,7.0,2442.0,4.0,3039.0,2000,2000s,20.0
117110,2000-580,Australian Open,Hard,128,G,20000117,127,101736,1.0,,Andre Agassi,R,180.0,USA,29.7193702943,102338,2.0,,Yevgeny Kafelnikov,R,190.0,RUS,25.9110198494,3-6 6-3 6-2 6-4,5,F,139.0,9.0,5.0,116.0,77.0,52.0,23.0,18.0,4.0,7.0,14.0,9.0,122.0,65.0,42.0,30.0,18.0,11.0,17.0,1.0,4135.0,2.0,2915.0,2000,2000s,23.0
120045,2001-520,Roland Garros,Clay,128,G,20010528,127,102856,1.0,,Gustavo Kuerten,R,190.0,BRA,24.7118412047,102374,13.0,,Alex Corretja,R,180.0,ESP,27.1293634497,6-7(3) 7-5 6-2 6-0,5,F,192.0,10.0,2.0,123.0,72.0,50.0,27.0,19.0,8.0,11.0,5.0,4.0,121.0,64.0,42.0,20.0,19.0,14.0,23.0,1.0,4150.0,13.0,1825.0,2001,2000s,15.0
120203,2001-540,Wimbledon,Grass,128,G,20010625,127,101964,,WC,Goran Ivanisevic,L,193.0,CRO,29.7823408624,102158,3.0,,Patrick Rafter,R,185.0,AUS,28.4900752909,6-3 3-6 6-3 2-6 9-7,5,F,182.0,27.0,15.0,164.0,91.0,74.0,37.0,26.0,3.0,6.0,13.0,4.0,139.0,88.0,68.0,29.0,25.0,3.0,6.0,125.0,321.0,10.0,2120.0,2001,2000s,40.0
120330,2001-560,US Open,Hard,128,G,20010827,127,103720,4.0,,Lleyton Hewitt,R,180.0,AUS,20.5037645448,101948,10.0,,Pete Sampras,R,185.0,USA,30.0424366872,7-6(4) 6-1 6-1,5,F,114.0,7.0,5.0,77.0,49.0,41.0,14.0,13.0,1.0,2.0,11.0,6.0,99.0,59.0,37.0,17.0,13.0,7.0,13.0,4.0,3145.0,10.0,2015.0,2001,2000s,18.0
120519,2001-580,Australian Open,Hard,128,G,20010115,127,101736,6.0,,Andre Agassi,R,180.0,USA,30.7159479808,103096,15.0,,Arnaud Clement,R,173.0,FRA,23.0800821355,6-4 6-2 6-2,5,F,106.0,7.0,1.0,81.0,53.0,38.0,13.0,13.0,4.0,6.0,5.0,7.0,90.0,47.0,28.0,19.0,13.0,8.0,15.0,6.0,2765.0,18.0,1360.0,2001,2000s,12.0
123274,2002-520,Roland Garros,Clay,128,G,20020527,127,102610,20.0,,Albert Costa,R,180.0,ESP,26.9212867899,103507,11.0,,Juan Carlos Ferrero,R,183.0,ESP,22.2861054073,6-1 6-0 4-6 6-3,5,F,150.0,3.0,0.0,102.0,68.0,49.0,17.0,16.0,4.0,7.0,5.0,5.0,111.0,64.0,35.0,18.0,16.0,15.0,24.0,22.0,1295.0,11.0,1955.0,2002,2000s,8.0
123432,2002-540,Wimbledon,Grass,128,G,20020624,127,103720,1.0,,Lleyton Hewitt,R,180.0,AUS,21.3278576318,103900,28.0,,David Nalbandian,R,180.0,ARG,20.476386037,6-1 6-3 6-2,5,F,116.0,5.0,2.0,79.0,42.0,33.0,18.0,12.0,8.0,10.0,2.0,7.0,89.0,51.0,27.0,12.0,12.0,12.0,20.0,1.0,4260.0,32.0,1084.0,2002,2000s,7.0
123559,2002-560,US Open,Hard,128,G,20020826,127,101948,17.0,,Pete Sampras,R,185.0,USA,31.0390143737,101736,6.0,,Andre Agassi,R,180.0,USA,32.3258042437,6-3 6-4 5-7 6-4,5,F,172.0,33.0,13.0,152.0,87.0,70.0,34.0,21.0,10.0,12.0,7.0,4.0,125.0,82.0,55.0,23.0,20.0,4.0,8.0,17.0,1560.0,6.0,2425.0,2002,2000s,40.0
123748,2002-580,Australian Open,Hard,128,G,20020114,127,102563,16.0,,Thomas Johansson,R,180.0,SWE,26.8117727584,103498,9.0,,Marat Safin,R,193.0,RUS,21.9657768652,3-6 6-4 6-4 7-6(4),5,F,173.0,16.0,4.0,115.0,64.0,55.0,27.0,20.0,3.0,6.0,13.0,2.0,142.0,90.0,60.0,28.0,21.0,11.0,14.0,18.0,1375.0,11.0,1920.0,2002,2000s,29.0
126494,2003-520,Roland Garros,Clay,128,G,20030526,127,103507,3.0,,Juan Carlos Ferrero,R,183.0,ESP,23.2826830938,103280,,,Martin Verkerk,R,196.0,NED,24.5667351129,6-1 6-3 6-2,5,F,129.0,2.0,5.0,70.0,39.0,32.0,17.0,12.0,3.0,4.0,12.0,7.0,100.0,47.0,31.0,16.0,12.0,15.0,22.0,3.0,3460.0,46.0,793.0,2003,2000s,14.0
126652,2003-540,Wimbledon,Grass,128,G,20030623,127,103819,4.0,,Roger Federer,R,185.0,SUI,21.8726899384,102882,,,Mark Philippoussis,R,196.0,AUS,26.6228610541,7-6(5) 6-2 7-6(3),5,F,116.0,21.0,2.0,93.0,53.0,47.0,27.0,16.0,0.0,0.0,14.0,4.0,102.0,70.0,54.0,14.0,16.0,3.0,5.0,5.0,2580.0,48.0,735.0,2003,2000s,35.0
126779,2003-560,US Open,Hard,128,G,20030825,127,104053,4.0,,Andy Roddick,R,188.0,USA,20.9856262834,103507,3.0,,Juan Carlos Ferrero,R,183.0,ESP,23.5318275154,6-3 7-6(2) 6-3,5,F,101.0,23.0,2.0,87.0,55.0,49.0,19.0,16.0,3.0,3.0,7.0,1.0,90.0,57.0,42.0,15.0,14.0,3.0,5.0,4.0,3415.0,3.0,3625.0,2003,2000s,30.0
126968,2003-580,Australian Open,Hard,128,G,20030113,127,101736,2.0,,Andre Agassi,R,180.0,USA,32.7091033539,102783,31.0,,Rainer Schuettler,R,180.0,GER,26.7186858316,6-2 6-2 6-1,5,F,76.0,7.0,1.0,58.0,39.0,29.0,14.0,11.0,0.0,1.0,4.0,4.0,65.0,33.0,19.0,9.0,12.0,5.0,13.0,2.0,3395.0,36.0,945.0,2003,2000s,11.0
129697,2004-520,Roland Garros,Clay,128,G,20040524,127,103292,,,Gaston Gaudio,R,175.0,ARG,25.4565366188,103909,3.0,,Guillermo Coria,R,175.0,ARG,22.3600273785,0-6 3-6 6-4 6-1 8-6,5,F,211.0,2.0,9.0,149.0,99.0,57.0,23.0,23.0,12.0,23.0,5.0,6.0,136.0,89.0,46.0,22.0,23.0,4.0,15.0,44.0,780.0,3.0,3490.0,2004,2000s,7.0
129855,2004-540,Wimbledon,Grass,128,G,20040621,127,103819,1.0,,Roger Federer,R,185.0,SUI,22.8692676249,104053,2.0,,Andy Roddick,R,188.0,USA,21.8097193703,4-6 7-5 7-6(3) 6-4,5,F,151.0,12.0,3.0,154.0,95.0,64.0,34.0,22.0,10.0,14.0,11.0,5.0,133.0,81.0,60.0,21.0,22.0,5.0,10.0,1.0,5610.0,2.0,4695.0,2004,2000s,23.0
129982,2004-560,US Open,Hard,128,G,20040830,127,103819,1.0,,Roger Federer,R,185.0,SUI,23.06091718,103720,4.0,,Lleyton Hewitt,R,180.0,AUS,23.5126625599,6-0 7-6(3) 6-0,5,F,109.0,11.0,1.0,89.0,49.0,38.0,22.0,12.0,5.0,6.0,1.0,4.0,75.0,41.0,23.0,12.0,12.0,6.0,13.0,1.0,5910.0,5.0,2605.0,2004,2000s,12.0
130171,2004-580,Australian Open,Hard,128,G,20040119,127,103819,2.0,,Roger Federer,R,185.0,SUI,22.4476386037,103498,,,Marat Safin,R,193.0,RUS,23.9780971937,7-6(3) 6-4 6-2,5,F,135.0,8.0,2.0,90.0,48.0,36.0,25.0,15.0,1.0,3.0,3.0,5.0,116.0,57.0,36.0,28.0,15.0,13.0,18.0,2.0,4375.0,86.0,430.0,2004,2000s,11.0
133017,2005-520,Roland Garros,Clay,128,G,20050523,127,104745,4.0,,Rafael Nadal,L,185.0,ESP,18.970568104,103264,,,Mariano Puerta,L,180.0,ARG,26.674880219,6-7(6) 6-3 6-1 7-5,5,F,204.0,7.0,3.0,137.0,108.0,73.0,12.0,20.0,11.0,14.0,4.0,2.0,137.0,83.0,53.0,23.0,20.0,10.0,18.0,5.0,2600.0,37.0,927.0,2005,2000s,11.0
133175,2005-540,Wimbledon,Grass,128,G,20050620,127,103819,1.0,,Roger Federer,R,185.0,SUI,23.8658453114,104053,2.0,,Andy Roddick,R,188.0,USA,22.8062970568,6-2 7-6(2) 6-4,5,F,101.0,12.0,0.0,79.0,49.0,40.0,22.0,15.0,1.0,2.0,7.0,1.0,96.0,68.0,46.0,11.0,15.0,5.0,9.0,1.0,6980.0,4.0,3590.0,2005,2000s,19.0
133302,2005-560,US Open,Hard,128,G,20050829,127,103819,1.0,,Roger Federer,R,185.0,SUI,24.0574948665,101736,7.0,,Andre Agassi,R,180.0,USA,35.3347022587,6-3 2-6 7-6(1) 6-1,5,F,139.0,19.0,0.0,107.0,81.0,60.0,15.0,19.0,3.0,6.0,6.0,4.0,131.0,78.0,45.0,29.0,17.0,14.0,18.0,1.0,6975.0,7.0,2190.0,2005,2000s,25.0
133491,2005-580,Australian Open,Hard,128,G,20050117,127,103498,4.0,,Marat Safin,R,193.0,RUS,24.9746748802,103720,3.0,,Lleyton Hewitt,R,180.0,AUS,23.8959616701,1-6 6-3 6-4 6-4,5,F,165.0,18.0,1.0,110.0,66.0,48.0,25.0,18.0,5.0,8.0,7.0,3.0,125.0,61.0,43.0,33.0,18.0,7.0,11.0,4.0,3060.0,3.0,3590.0,2005,2000s,25.0
136311,2006-520,Roland Garros,Clay,128,G,20060529,127,104745,2.0,,Rafael Nadal,L,185.0,ESP,19.9863107461,103819,1.0,,Roger Federer,R,185.0,SUI,24.8049281314,1-6 6-1 6-4 7-6(4),5,F,182.0,3.0,0.0,111.0,85.0,59.0,17.0,18.0,7.0,10.0,8.0,1.0,119.0,72.0,49.0,25.0,18.0,8.0,12.0,2.0,4545.0,1.0,7010.0,2006,2000s,11.0
136469,2006-540,Wimbledon,Grass,128,G,20060626,127,103819,1.0,,Roger Federer,R,185.0,SUI,24.8815879535,104745,2.0,,Rafael Nadal,L,185.0,ESP,20.0629705681,6-0 7-6(5) 6-7(2) 6-3,5,F,178.0,13.0,1.0,119.0,83.0,64.0,20.0,20.0,1.0,3.0,9.0,3.0,127.0,94.0,64.0,14.0,19.0,4.0,10.0,1.0,7260.0,2.0,4545.0,2006,2000s,22.0
136596,2006-560,US Open,Hard,128,G,20060828,127,103819,1.0,,Roger Federer,R,185.0,SUI,25.054072553,104053,9.0,,Andy Roddick,R,188.0,USA,23.9945242984,6-2 4-6 7-5 6-1,5,F,145.0,17.0,0.0,103.0,63.0,53.0,20.0,19.0,6.0,8.0,7.0,1.0,122.0,80.0,53.0,16.0,18.0,10.0,16.0,1.0,7295.0,10.0,1890.0,2006,2000s,24.0
136785,2006-580,Australian Open,Hard,128,G,20060116,127,103819,1.0,,Roger Federer,R,185.0,SUI,24.4407939767,104571,,,Marcos Baghdatis,R,183.0,CYP,20.5831622177,5-7 7-5 6-0 6-2,5,F,166.0,11.0,6.0,144.0,77.0,55.0,34.0,19.0,7.0,10.0,6.0,2.0,114.0,55.0,39.0,22.0,19.0,4.0,12.0,1.0,6725.0,54.0,684.0,2006,2000s,17.0
139476,2007-520,Roland Garros,Clay,128,G,20070528,127,104745,2.0,,Rafael Nadal,L,185.0,ESP,20.9828884326,103819,1.0,,Roger Federer,R,185.0,SUI,25.8015058179,6-3 4-6 6-3 6-4,5,F,190.0,2.0,1.0,137.0,106.0,74.0,17.0,19.0,16.0,17.0,9.0,1.0,118.0,76.0,50.0,23.0,19.0,6.0,10.0,2.0,5225.0,1.0,7515.0,2007,2000s,11.0
139634,2007-540,Wimbledon,Grass,128,G,20070625,127,103819,1.0,,Roger Federer,R,185.0,SUI,25.87816564,104745,2.0,,Rafael Nadal,L,185.0,ESP,21.0595482546,7-6(7) 4-6 7-6(3) 2-6 6-2,5,F,225.0,24.0,3.0,156.0,111.0,79.0,28.0,25.0,7.0,11.0,1.0,2.0,167.0,118.0,81.0,28.0,25.0,5.0,8.0,1.0,7290.0,2.0,5225.0,2007,2000s,25.0
139761,2007-560,US Open,Hard,128,G,20070827,127,103819,1.0,,Roger Federer,R,185.0,SUI,26.0506502396,104925,3.0,,Novak Djokovic,R,188.0,SRB,20.2655715264,7-6(4) 7-6(2) 6-4,5,F,144.0,11.0,4.0,106.0,66.0,52.0,25.0,17.0,7.0,9.0,5.0,7.0,116.0,64.0,45.0,29.0,17.0,2.0,5.0,1.0,7605.0,3.0,3670.0,2007,2000s,16.0
139950,2007-580,Australian Open,Hard,128,G,20070115,127,103819,1.0,,Roger Federer,R,185.0,SUI,25.4373716632,103602,10.0,,Fernando Gonzalez,R,183.0,CHI,26.4640657084,7-6(2) 6-4 6-4,5,F,140.0,5.0,1.0,86.0,50.0,41.0,28.0,16.0,0.0,1.0,6.0,3.0,127.0,77.0,53.0,23.0,16.0,7.0,10.0,1.0,8120.0,9.0,2015.0,2007,2000s,11.0
142562,2008-520,Roland Garros,Clay,128,G,20080525,127,104745,2.0,,Rafael Nadal,L,185.0,ESP,21.9794661191,103819,1.0,,Roger Federer,R,185.0,SUI,26.7980835044,6-1 6-3 6-0,5,F,108.0,0.0,0.0,67.0,50.0,35.0,11.0,11.0,3.0,4.0,2.0,0.0,77.0,53.0,26.0,5.0,11.0,9.0,17.0,2.0,5585.0,1.0,6675.0,2008,2000s,2.0
142720,2008-540,Wimbledon,Grass,128,G,20080623,127,104745,2.0,,Rafael Nadal,L,185.0,ESP,22.0561259411,103819,1.0,,Roger Federer,R,185.0,SUI,26.8747433265,6-4 6-4 6-7(5) 6-7(8) 9-7,5,F,288.0,6.0,3.0,218.0,160.0,111.0,34.0,30.0,12.0,13.0,25.0,2.0,195.0,127.0,92.0,39.0,30.0,9.0,13.0,2.0,5755.0,1.0,6900.0,2008,2000s,31.0
142847,2008-560,US Open,Hard,128,G,20080825,127,103819,2.0,,Roger Federer,R,185.0,SUI,27.0472279261,104918,6.0,,Andy Murray,R,190.0,GBR,21.2813141684,6-2 7-5 6-2,5,F,111.0,3.0,0.0,81.0,47.0,37.0,16.0,14.0,3.0,5.0,3.0,3.0,81.0,45.0,23.0,17.0,14.0,3.0,10.0,2.0,5930.0,6.0,2415.0,2008,2000s,6.0
143036,2008-580,Australian Open,Hard,128,G,20080114,127,104925,3.0,,Novak Djokovic,R,188.0,SRB,20.6488706366,104542,,,Jo-Wilfried Tsonga,R,188.0,FRA,22.7433264887,4-6 6-4 6-3 7-6(2),5,F,185.0,11.0,2.0,122.0,68.0,53.0,34.0,20.0,3.0,5.0,15.0,2.0,136.0,97.0,69.0,18.0,21.0,8.0,12.0,3.0,4315.0,38.0,789.0,2008,2000s,26.0
145688,2009-520,Roland Garros,Clay,128,G,20090525,127,103819,2.0,,Roger Federer,R,185.0,SUI,27.794661191,104417,23.0,,Robin Soderling,R,193.0,SWE,24.7775496235,6-1 7-6(1) 6-4,5,F,115.0,16.0,2.0,79.0,52.0,44.0,18.0,14.0,2.0,2.0,2.0,3.0,91.0,55.0,35.0,20.0,15.0,2.0,6.0,2.0,10470.0,25.0,1775.0,2009,2000s,18.0
145846,2009-540,Wimbledon,Grass,128,G,20090622,127,103819,2.0,,Roger Federer,R,185.0,SUI,27.871321013,104053,6.0,,Andy Roddick,R,188.0,USA,26.8117727584,5-7 7-6(6) 7-6(5) 3-6 16-14,5,F,256.0,50.0,4.0,197.0,127.0,113.0,42.0,37.0,3.0,5.0,27.0,4.0,239.0,169.0,140.0,31.0,38.0,6.0,7.0,2.0,10620.0,6.0,4310.0,2009,2000s,77.0
145973,2009-560,US Open,Hard,128,G,20090831,127,105223,6.0,,Juan Martin del Potro,R,198.0,ARG,20.9363449692,103819,1.0,,Roger Federer,R,185.0,SUI,28.0629705681,3-6 7-6(5) 4-6 7-6(4) 6-2,5,F,246.0,8.0,6.0,171.0,112.0,81.0,33.0,25.0,17.0,22.0,14.0,11.0,181.0,93.0,67.0,48.0,26.0,10.0,15.0,6.0,5325.0,1.0,12040.0,2009,2000s,22.0
146162,2009-580,Australian Open,Hard,128,G,20090119,127,104745,1.0,,Rafael Nadal,L,185.0,ESP,22.6310746064,103819,2.0,,Roger Federer,R,185.0,SUI,27.4496919918,7-5 3-6 7-6(3) 3-6 6-2,5,F,259.0,4.0,4.0,175.0,112.0,74.0,30.0,24.0,13.0,19.0,11.0,6.0,172.0,89.0,65.0,38.0,26.0,9.0,16.0,1.0,13160.0,2.0,10700.0,2009,2000s,15.0
147018,2010-580,Australian Open,Hard,128,G,20100118,127,103819,1.0,,Roger Federer,R,185.0,SUI,28.4462696783,104918,5.0,,Andy Murray,R,190.0,GBR,22.6803559206,6-3 6-4 7-6(11),5,F,161.0,11.0,2.0,112.0,75.0,54.0,22.0,16.0,6.0,8.0,10.0,4.0,104.0,58.0,40.0,24.0,15.0,8.0,12.0,1.0,10550.0,4.0,6780.0,2010,2010s,21.0
148271,2010-520,Roland Garros,Clay,128,G,20100524,127,104745,2.0,,Rafael Nadal,L,185.0,ESP,23.9726214921,104417,5.0,,Robin Soderling,R,193.0,SWE,25.7741273101,6-4 6-2 6-4,5,F,138.0,7.0,1.0,90.0,69.0,51.0,13.0,14.0,8.0,8.0,7.0,4.0,91.0,51.0,33.0,22.0,14.0,8.0,12.0,2.0,6880.0,7.0,4755.0,2010,2010s,14.0
148542,2010-540,Wimbledon,Grass,128,G,20100621,127,104745,2.0,,Rafael Nadal,L,185.0,ESP,24.0492813142,104607,12.0,,Tomas Berdych,R,196.0,CZE,24.758384668,6-3 7-5 6-4,5,F,133.0,5.0,3.0,90.0,62.0,48.0,18.0,15.0,4.0,4.0,13.0,0.0,81.0,48.0,35.0,19.0,16.0,2.0,6.0,1.0,8745.0,13.0,2825.0,2010,2010s,18.0
149208,2010-560,US Open,Hard,128,G,20100830,127,104745,1.0,,Rafael Nadal,L,185.0,ESP,24.2409308693,104925,3.0,,Novak Djokovic,R,188.0,SRB,23.2744695414,6-4 5-7 6-4 6-2,5,F,223.0,8.0,2.0,112.0,75.0,55.0,21.0,20.0,1.0,4.0,5.0,4.0,143.0,94.0,61.0,22.0,20.0,20.0,25.0,1.0,10745.0,3.0,6665.0,2010,2010s,13.0
150048,2011-580,Australian Open,Hard,128,G,20110117,127,104925,3.0,,Novak Djokovic,R,188.0,SRB,23.6577686516,104918,5.0,,Andy Murray,R,190.0,GBR,23.6769336071,6-4 6-2 6-3,5,F,159.0,5.0,0.0,75.0,48.0,35.0,15.0,14.0,1.0,4.0,6.0,4.0,109.0,59.0,37.0,16.0,13.0,11.0,18.0,3.0,6240.0,5.0,5760.0,2011,2010s,11.0
151268,2011-520,Roland Garros,Clay,128,G,20110522,127,104745,1.0,,Rafael Nadal,L,185.0,ESP,24.9691991786,103819,3.0,,Roger Federer,R,185.0,SUI,29.787816564,7-5 7-6(3) 5-7 6-1,5,F,220.0,4.0,3.0,147.0,106.0,69.0,21.0,22.0,10.0,15.0,11.0,1.0,126.0,80.0,55.0,18.0,21.0,8.0,15.0,1.0,12070.0,3.0,8390.0,2011,2010s,15.0
151543,2011-540,Wimbledon,Grass,128,G,20110620,127,104925,2.0,,Novak Djokovic,R,188.0,SRB,24.0793976728,104745,1.0,,Rafael Nadal,L,185.0,ESP,25.0458590007,6-4 6-1 1-6 6-3,5,F,148.0,7.0,1.0,95.0,69.0,50.0,14.0,17.0,3.0,6.0,5.0,1.0,82.0,64.0,43.0,8.0,16.0,1.0,6.0,2.0,12005.0,1.0,12070.0,2011,2010s,12.0
152251,2011-560,US Open,Hard,128,G,20110829,127,104925,1.0,,Novak Djokovic,R,188.0,SRB,24.2710472279,104745,2.0,,Rafael Nadal,L,185.0,ESP,25.2375085558,6-2 6-4 6-7(3) 6-1,5,F,250.0,7.0,1.0,127.0,84.0,55.0,19.0,19.0,8.0,14.0,2.0,3.0,141.0,96.0,50.0,19.0,18.0,15.0,27.0,1.0,13920.0,2.0,11420.0,2011,2010s,9.0
153059,2012-580,Australian Open,Hard,128,G,20120116,127,104925,1.0,,Novak Djokovic,R,188.0,SRB,24.6543463381,104745,2.0,,Rafael Nadal,L,185.0,ESP,25.620807666,5-7 6-4 6-2 6-7(5) 7-5,5,F,353.0,9.0,2.0,166.0,98.0,67.0,43.0,27.0,2.0,6.0,10.0,4.0,203.0,135.0,88.0,32.0,27.0,13.0,20.0,1.0,13630.0,2.0,9595.0,2012,2010s,19.0
154403,2012-520,Roland Garros,Clay,128,G,20120527,127,104745,2.0,,Rafael Nadal,L,185.0,ESP,25.9849418207,104925,1.0,,Novak Djokovic,R,188.0,SRB,25.0184804928,6-4 6-3 2-6 7-5,5,F,229.0,4.0,4.0,118.0,73.0,45.0,24.0,19.0,3.0,10.0,3.0,4.0,123.0,73.0,45.0,22.0,20.0,8.0,17.0,2.0,10060.0,1.0,11800.0,2012,2010s,7.0
154670,2012-540,Wimbledon,Grass,128,G,20120625,127,103819,3.0,,Roger Federer,R,185.0,SUI,30.8802190281,104918,4.0,,Andy Murray,R,190.0,GBR,25.1143052704,4-6 7-5 6-3 6-4,5,F,204.0,12.0,3.0,131.0,90.0,68.0,20.0,21.0,5.0,7.0,16.0,1.0,157.0,88.0,61.0,33.0,20.0,8.0,12.0,3.0,9435.0,4.0,6980.0,2012,2010s,28.0
155292,2012-560,US Open,Hard,128,G,20120827,127,104918,3.0,,Andy Murray,R,190.0,GBR,25.28678987,104925,2.0,,Novak Djokovic,R,188.0,SRB,25.2676249144,7-6(10) 7-5 2-6 3-6 6-2,5,F,294.0,5.0,4.0,150.0,99.0,62.0,24.0,25.0,9.0,18.0,7.0,5.0,165.0,103.0,65.0,26.0,24.0,8.0,15.0,4.0,7290.0,2.0,11270.0,2012,2010s,12.0
156065,2013-580,Australian Open,Hard,128,G,20130114,127,104925,1.0,,Novak Djokovic,R,188.0,SRB,25.6509240246,104918,3.0,,Andy Murray,R,190.0,GBR,25.6700889802,6-7(2) 7-6(3) 6-3 6-2,5,F,220.0,8.0,3.0,134.0,84.0,63.0,33.0,21.0,4.0,4.0,7.0,4.0,131.0,81.0,64.0,24.0,20.0,8.0,11.0,1.0,12920.0,3.0,8000.0,2013,2010s,15.0
157365,2013-520,Roland Garros,Clay,128,G,20130527,127,104745,3.0,,Rafael Nadal,L,185.0,ESP,26.9815195072,103970,4.0,,David Ferrer,R,175.0,ESP,31.151266256,6-3 6-2 6-3,5,F,136.0,5.0,2.0,87.0,61.0,43.0,11.0,13.0,9.0,12.0,1.0,5.0,85.0,53.0,31.0,8.0,13.0,8.0,16.0,4.0,6895.0,5.0,6740.0,2013,2010s,6.0
157632,2013-540,Wimbledon,Grass,128,G,20130624,127,104918,2.0,,Andy Murray,R,190.0,GBR,26.1108829569,104925,1.0,,Novak Djokovic,R,188.0,SRB,26.0917180014,6-4 7-5 6-4,5,F,189.0,9.0,2.0,105.0,67.0,48.0,16.0,16.0,9.0,13.0,4.0,4.0,105.0,68.0,40.0,15.0,16.0,10.0,17.0,2.0,8560.0,1.0,11830.0,2013,2010s,13.0
158230,2013-560,US Open,Hard,128,G,20130826,127,104745,2.0,,Rafael Nadal,L,185.0,ESP,27.2306639288,104925,1.0,,Novak Djokovic,R,188.0,SRB,26.264202601,6-2 3-6 6-4 6-1,5,F,201.0,1.0,1.0,121.0,78.0,51.0,24.0,17.0,8.0,11.0,6.0,2.0,102.0,69.0,40.0,16.0,17.0,5.0,11.0,2.0,8860.0,1.0,10980.0,2013,2010s,7.0
159009,2014-580,Australian Open,Hard,128,G,20140113,127,104527,8.0,,Stan Wawrinka,R,183.0,SUI,28.7967145791,104745,1.0,,Rafael Nadal,L,185.0,ESP,27.613963039,6-3 6-2 3-6 6-3,5,F,141.0,19.0,2.0,96.0,53.0,46.0,22.0,18.0,4.0,6.0,1.0,3.0,108.0,84.0,50.0,10.0,17.0,10.0,15.0,8.0,3890.0,1.0,13130.0,2014,2010s,20.0
160300,2014-520,Roland Garros,Clay,128,G,20140526,127,104745,1.0,,Rafael Nadal,L,185.0,ESP,27.9780971937,104925,2.0,,Novak Djokovic,R,188.0,SRB,27.0116358658,3-6 7-5 6-2 6-4,5,F,211.0,3.0,4.0,120.0,84.0,61.0,18.0,19.0,6.0,9.0,11.0,3.0,126.0,82.0,59.0,16.0,20.0,4.0,10.0,1.0,12500.0,2.0,11850.0,2014,2010s,14.0
160567,2014-540,Wimbledon,Grass,128,G,20140623,127,104925,1.0,,Novak Djokovic,R,188.0,SRB,27.0882956879,103819,4.0,,Roger Federer,R,185.0,SUI,32.8733744011,6-7(7) 6-4 7-6(4) 5-7 6-4,5,F,236.0,13.0,3.0,174.0,108.0,79.0,43.0,28.0,4.0,7.0,29.0,5.0,192.0,133.0,102.0,26.0,28.0,11.0,15.0,2.0,12330.0,4.0,4945.0,2014,2010s,42.0
161165,2014-560,US Open,Hard,128,G,20140825,127,105227,14.0,,Marin Cilic,R,198.0,CRO,25.9055441478,105453,10.0,,Kei Nishikori,R,178.0,JPN,24.6543463381,6-3 6-3 6-3,5,F,114.0,18.0,3.0,86.0,45.0,36.0,25.0,14.0,8.0,9.0,2.0,1.0,75.0,39.0,22.0,21.0,13.0,6.0,11.0,16.0,1845.0,11.0,2680.0,2014,2010s,20.0
161910,2015-580,Australian Open,Hard,128,G,20150119,127,104925,1.0,,Novak Djokovic,R,188.0,SRB,27.6632443532,104918,6.0,,Andy Murray,R,190.0,GBR,27.6824093087,7-6(5) 6-7(4) 6-3 6-0,5,F,219.0,9.0,1.0,136.0,81.0,48.0,34.0,20.0,7.0,12.0,10.0,3.0,118.0,77.0,50.0,14.0,19.0,7.0,16.0,1.0,11405.0,6.0,4675.0,2015,2010s,19.0
163130,2015-520,Roland Garros,Clay,128,G,20150524,127,104527,8.0,,Stan Wawrinka,R,183.0,SUI,30.1574264203,104925,1.0,,Novak Djokovic,R,188.0,SRB,28.0082135524,4-6 6-4 6-3 6-4,5,F,192.0,9.0,3.0,126.0,84.0,64.0,21.0,20.0,8.0,10.0,6.0,0.0,128.0,83.0,52.0,24.0,19.0,11.0,15.0,9.0,3845.0,1.0,13845.0,2015,2010s,15.0
163420,2015-540,Wimbledon,Grass,128,G,20150629,127,104925,1.0,,Novak Djokovic,R,188.0,SRB,28.1040383299,103819,2.0,,Roger Federer,R,185.0,SUI,33.8891170431,7-6(1) 6-7(10) 6-4 6-3,5,F,176.0,13.0,1.0,145.0,95.0,70.0,30.0,21.0,6.0,7.0,14.0,3.0,141.0,94.0,70.0,23.0,22.0,6.0,10.0,1.0,13845.0,2.0,9665.0,2015,2010s,27.0
164081,2015-560,US Open,Hard,128,G,20150831,127,104925,1.0,,Novak Djokovic,R,188.0,SRB,28.2765229295,103819,2.0,,Roger Federer,R,185.0,SUI,34.0616016427,6-4 5-7 6-4 6-4,5,F,200.0,3.0,5.0,155.0,96.0,63.0,32.0,21.0,19.0,23.0,11.0,5.0,137.0,87.0,62.0,23.0,21.0,7.0,13.0,1.0,14865.0,2.0,9065.0,2015,2010s,14.0
164853,2016-580,Australian Open,Hard,128,G,20160118,226,104925,1.0,,Novak Djokovic,R,188.0,SRB,28.6598220397,104918,2.0,,Andy Murray,R,190.0,GBR,28.6789869952,6-1 7-5 7-6,5,F,173.0,7.0,3.0,111.0,73.0,54.0,20.0,16.0,4.0,6.0,12.0,5.0,111.0,71.0,48.0,14.0,16.0,7.0,12.0,1.0,16790.0,2.0,8945.0,2016,2010s,19.0
166065,2016-520,Roland Garros,Clay,128,G,20160523,226,104925,1.0,,Novak Djokovic,R,188.0,SRB,29.0047912389,104918,2.0,,Andy Murray,R,190.0,GBR,29.0239561944,3-6 6-1 6-2 6-4,5,F,183.0,4.0,3.0,110.0,76.0,49.0,20.0,17.0,7.0,10.0,5.0,3.0,109.0,55.0,34.0,22.0,17.0,7.0,14.0,1.0,16150.0,2.0,8435.0,2016,2010s,9.0
166355,2016-540,Wimbledon,Grass,128,G,20160627,226,104918,2.0,,Andy Murray,R,190.0,GBR,29.1197809719,105683,6.0,,Milos Raonic,R,196.0,CAN,25.5003422313,6-4 7-6(3) 7-6(2),5,F,168.0,7.0,2.0,103.0,69.0,60.0,19.0,17.0,2.0,2.0,8.0,1.0,114.0,73.0,49.0,29.0,17.0,6.0,7.0,2.0,8915.0,7.0,3175.0,2016,2010s,15.0
167042,2016-560,US Open,Hard,128,G,20160829,226,104527,3.0,,Stan Wawrinka,R,183.0,SUI,31.4223134839,104925,1.0,,Novak Djokovic,R,188.0,SRB,29.273100616,6-7(1) 6-4 7-5 6-3,5,F,234.0,9.0,3.0,164.0,92.0,65.0,37.0,22.0,14.0,17.0,6.0,7.0,123.0,63.0,49.0,32.0,21.0,4.0,10.0,3.0,4980.0,1.0,14840.0,2016,2010s,15.0
167794,2017-580,Australian Open,Hard,128,G,20170116,226,103819,17.0,,Roger Federer,R,185.0,SUI,35.4414784394,104745,9.0,,Rafael Nadal,L,185.0,ESP,30.6228610541,6-4 3-6 6-1 3-6 6-3,5,F,217.0,20.0,3.0,138.0,85.0,65.0,26.0,22.0,13.0,17.0,4.0,3.0,151.0,110.0,69.0,23.0,22.0,14.0,20.0,17.0,1980.0,9.0,3195.0,2017,2010s,24.0
169080,2017-520,Roland Garros,Clay,128,G,20170529,226,104745,4.0,,Rafael Nadal,L,185.0,ESP,30.9869952088,104527,3.0,,Stan Wawrinka,R,183.0,SUI,32.1697467488,6-2 6-3 6-1,5,F,125.0,4.0,0.0,65.0,42.0,35.0,15.0,12.0,1.0,1.0,1.0,0.0,86.0,50.0,26.0,16.0,12.0,7.0,13.0,4.0,5375.0,3.0,5695.0,2017,2010s,5.0
169377,2017-540,Wimbledon,Grass,128,G,20170703,226,103819,3.0,,Roger Federer,R,185.0,SUI,35.9014373717,105227,7.0,,Marin Cilic,R,198.0,CRO,28.7611225188,6-3 6-1 6-4,5,F,101.0,8.0,2.0,70.0,53.0,43.0,12.0,13.0,1.0,1.0,5.0,3.0,90.0,54.0,35.0,14.0,13.0,5.0,10.0,5.0,5265.0,6.0,4235.0,2017,2010s,13.0
169928,2017-560,US Open,Hard,128,G,20170828,226,104745,1.0,,Rafael Nadal,L,185.0,ESP,31.2361396304,104731,28.0,,Kevin Anderson,R,203.0,RSA,31.279945243,6-3 6-3 6-4,5,F,147.0,1.0,1.0,72.0,45.0,38.0,19.0,14.0,0.0,0.0,10.0,4.0,108.0,64.0,47.0,16.0,14.0,5.0,9.0,1.0,7645.0,32.0,1360.0,2017,2010s,11.0
170680,2018-580,Australian Open,Hard,128,G,20180115,701,103819,2.0,,Roger Federer,R,185.0,SUI,36.4380561259,105227,6.0,,Marin Cilic,R,198.0,CRO,29.2977412731,6-2 6-7(5) 6-3 3-6 6-1,5,F,183.0,24.0,4.0,139.0,84.0,67.0,32.0,23.0,7.0,9.0,16.0,5.0,141.0,88.0,61.0,27.0,22.0,7.0,13.0,2.0,9605.0,6.0,3805.0,2018,2010s,40.0
171957,2018-520,Roland Garros,Clay,128,G,20180528,226,104745,1.0,,Rafael Nadal,L,185.0,ESP,31.9835728953,106233,7.0,,Dominic Thiem,R,185.0,AUT,24.7310061602,6-4 6-3 6-2,5,F,162.0,0.0,3.0,82.0,56.0,46.0,12.0,14.0,2.0,3.0,7.0,5.0,102.0,59.0,40.0,15.0,13.0,12.0,17.0,1.0,8770.0,8.0,3355.0,2018,2010s,7.0
172254,2018-540,Wimbledon,Grass,128,G,20180702,226,104925,12.0,,Novak Djokovic,R,188.0,SRB,31.112936345,104731,8.0,,Kevin Anderson,R,203.0,RSA,32.1232032854,6-2 6-2 7-6(3),5,F,139.0,6.0,4.0,94.0,68.0,52.0,17.0,15.0,7.0,7.0,10.0,5.0,80.0,49.0,34.0,15.0,14.0,0.0,4.0,21.0,1715.0,8.0,3635.0,2018,2010s,16.0
172805,2018-560,US Open,Hard,128,G,20180827,226,104925,6.0,,Novak Djokovic,R,188.0,SRB,31.266255989,105223,3.0,,Juan Martin del Potro,R,198.0,ARG,29.9247091034,6-3 7-6(4) 6-3,5,F,196.0,1.0,2.0,118.0,74.0,50.0,26.0,17.0,4.0,6.0,6.0,1.0,89.0,57.0,38.0,16.0,14.0,3.0,7.0,6.0,4445.0,3.0,5500.0,2018,2010s,7.0
173443,2019-580,Australian Open,Hard,128,G,20190114,226,104925,1.0,,Novak Djokovic,R,188.0,SRB,31.6495550992,104745,2.0,,Rafael Nadal,L,185.0,ESP,32.6160164271,6-3 6-2 6-3,5,F,124.0,8.0,0.0,69.0,50.0,40.0,16.0,13.0,1.0,1.0,3.0,2.0,73.0,47.0,24.0,16.0,13.0,3.0,8.0,1.0,9135.0,2.0,7480.0,2019,2010s,11.0
174635,2019-520,Roland Garros,Clay,128,G,20190527,1701,104745,2.0,,Rafael Nadal,L,185.0,ESP,32.9801505818,106233,4.0,,Dominic Thiem,R,185.0,AUT,25.7275838467,6-3 5-7 6-1 6-1,5,F,181.0,3.0,0.0,106.0,78.0,57.0,18.0,18.0,4.0,6.0,7.0,1.0,92.0,64.0,37.0,14.0,17.0,6.0,13.0,2.0,7945.0,4.0,4685.0,2019,2010s,10.0
174932,2019-540,Wimbledon,Grass,128,G,20190701,226,104925,1.0,,Novak Djokovic,R,188.0,SRB,32.1095140315,103819,2.0,,Roger Federer,R,185.0,SUI,37.8945927447,7-6(5) 1-6 7-6(4) 4-6 13-12,5,F,297.0,10.0,9.0,219.0,136.0,101.0,39.0,34.0,6.0,13.0,25.0,6.0,203.0,127.0,100.0,39.0,34.0,5.0,8.0,1.0,12415.0,3.0,6620.0,2019,2010s,35.0
175482,2019-560,US Open,Hard,128,G,20190826,226,104745,2.0,,Rafael Nadal,L,185.0,ESP,33.2292950034,106421,5.0,,Daniil Medvedev,R,,RUS,23.537303217,7-5 6-3 5-7 4-6 6-4,5,F,290.0,5.0,5.0,159.0,93.0,72.0,34.0,27.0,10.0,15.0,14.0,4.0,182.0,117.0,76.0,35.0,26.0,15.0,21.0,2.0,7945.0,5.0,4125.0,2019,2010s,19.0
